<productinfo
  xmlns:xsi="http://www.w3.org/2001/XMLSchema-instance"
  xsi:noNamespaceSchemaLocation="optional">
<?xml-stylesheet type="text/xsl" href="optional"?>

<matlabrelease>14</matlabrelease>
<name>SGLib</name>
<type>toolbox</type>
<icon>specsimicon.gif</icon>
<help_location>doc</help_location>

<list>

<listitem>
<label>Settings</label>
<callback>sglib_settings</callback>
<icon>$toolbox/signal/sigtools/private/fdatoolicon.gif</icon>
</listitem>

<listitem>
<label>Help</label>
<callback>sglib_helps</callback>
<icon>$toolbox/matlab/icons/demoicon.gif</icon>
</listitem>

<listitem>
<label>SpecSim Web Site</label>
<callback>web http://www.specsim.com -browser;</callback>
<icon>$toolbox/matlab/icons/webicon.gif</icon>
</listitem>

</list>

</productinfo>
